  Admin entered input while registering wasn't valid, attempt made on 24-03-2021 08:49:32
  Admin entered input while registering wasn't valid, attempt made on 24-03-2021 08:51:50
  Admin entered input while registering wasn't valid, attempt made on 24-03-2021 08:52:11
  Admin entered input while registering wasn't valid, attempt made on 24-03-2021 08:55:26
  employee entered input wasn't valid, attempt made on 29-03-2021 07:54:59
  manager entered input wasn't valid, attempt made on 29-03-2021 07:56:40
  faced a not found on 29-03-2021 09:48:37
  Admin entered input while registering wasn't valid, attempt made on 07-04-2021 18:15:37
  faced a not found on 14-04-2021 20:21:13
ef731255-2fba-4b65-ac37-9014e8870ecd  manager entered input wasn't valid, attempt made on 16-04-2021 21:23:06
  faced a not found on 17-04-2021 15:20:25
ef731255-2fba-4b65-ac37-9014e8870ecd  faced a not found on 19-04-2021 08:24:07
ef731255-2fba-4b65-ac37-9014e8870ecd  faced a not found on 19-04-2021 08:25:12
ef731255-2fba-4b65-ac37-9014e8870ecd  faced a not found on 19-04-2021 08:26:41
ef731255-2fba-4b65-ac37-9014e8870ecd  faced a not found on 19-04-2021 08:27:03
ef731255-2fba-4b65-ac37-9014e8870ecd  faced a not found on 19-04-2021 08:30:20
ef731255-2fba-4b65-ac37-9014e8870ecd  faced a not found on 19-04-2021 08:30:26
ef731255-2fba-4b65-ac37-9014e8870ecd  faced a not found on 19-04-2021 08:30:59
ef731255-2fba-4b65-ac37-9014e8870ecd  faced a not found on 19-04-2021 08:31:48
ef731255-2fba-4b65-ac37-9014e8870ecd  faced a not found on 19-04-2021 08:31:49
ef731255-2fba-4b65-ac37-9014e8870ecd  faced a not found on 19-04-2021 08:32:23
ef731255-2fba-4b65-ac37-9014e8870ecd  faced a not found on 19-04-2021 08:33:56
ef731255-2fba-4b65-ac37-9014e8870ecd  faced a not found on 19-04-2021 08:55:15
ef731255-2fba-4b65-ac37-9014e8870ecd  faced a not found on 19-04-2021 09:13:25
ef731255-2fba-4b65-ac37-9014e8870ecd  faced a not found on 19-04-2021 09:13:26
ef731255-2fba-4b65-ac37-9014e8870ecd  faced a not found on 19-04-2021 09:13:40
ef731255-2fba-4b65-ac37-9014e8870ecd  faced a not found on 19-04-2021 09:16:05
ef731255-2fba-4b65-ac37-9014e8870ecd  faced a not found on 19-04-2021 09:16:41
ef731255-2fba-4b65-ac37-9014e8870ecd  faced a not found on 19-04-2021 09:16:51
ef731255-2fba-4b65-ac37-9014e8870ecd  faced a not found on 19-04-2021 09:34:55
ef731255-2fba-4b65-ac37-9014e8870ecd  faced a not found on 19-04-2021 10:51:57
ef731255-2fba-4b65-ac37-9014e8870ecd  faced a not found on 19-04-2021 10:52:21
ef731255-2fba-4b65-ac37-9014e8870ecd  faced a not found on 19-04-2021 10:52:47
ef731255-2fba-4b65-ac37-9014e8870ecd  faced a not found on 19-04-2021 10:53:31
ef731255-2fba-4b65-ac37-9014e8870ecd  faced a not found on 19-04-2021 11:02:36
ef731255-2fba-4b65-ac37-9014e8870ecd  faced a not found on 19-04-2021 11:08:47
ef731255-2fba-4b65-ac37-9014e8870ecd  faced a not found on 19-04-2021 11:09:45
ef731255-2fba-4b65-ac37-9014e8870ecd  faced a not found on 19-04-2021 11:09:56
ef731255-2fba-4b65-ac37-9014e8870ecd  faced a not found on 19-04-2021 11:11:06
ef731255-2fba-4b65-ac37-9014e8870ecd  faced a not found on 19-04-2021 11:11:12
ef731255-2fba-4b65-ac37-9014e8870ecd  faced a not found on 19-04-2021 11:13:14
ef731255-2fba-4b65-ac37-9014e8870ecd  faced a not found on 19-04-2021 11:13:18
ef731255-2fba-4b65-ac37-9014e8870ecd  faced a not found on 19-04-2021 11:14:03
ef731255-2fba-4b65-ac37-9014e8870ecd  faced a not found on 19-04-2021 11:14:30
ef731255-2fba-4b65-ac37-9014e8870ecd  faced a not found on 19-04-2021 11:14:50
ef731255-2fba-4b65-ac37-9014e8870ecd  faced a not found on 19-04-2021 11:16:07
ef731255-2fba-4b65-ac37-9014e8870ecd  faced a not found on 19-04-2021 11:16:35
ef731255-2fba-4b65-ac37-9014e8870ecd  faced a not found on 19-04-2021 11:19:45
ef731255-2fba-4b65-ac37-9014e8870ecd  faced a not found on 19-04-2021 11:21:54
ef731255-2fba-4b65-ac37-9014e8870ecd  faced a not found on 19-04-2021 11:23:41
ef731255-2fba-4b65-ac37-9014e8870ecd  faced a not found on 19-04-2021 11:24:13
ef731255-2fba-4b65-ac37-9014e8870ecd  faced a not found on 19-04-2021 11:24:27
ef731255-2fba-4b65-ac37-9014e8870ecd  faced a not found on 19-04-2021 11:24:43
ef731255-2fba-4b65-ac37-9014e8870ecd  faced a not found on 19-04-2021 11:27:07
ef731255-2fba-4b65-ac37-9014e8870ecd  faced a not found on 19-04-2021 12:11:59
ef731255-2fba-4b65-ac37-9014e8870ecd  faced a not found on 19-04-2021 12:12:29
ef731255-2fba-4b65-ac37-9014e8870ecd  faced a not found on 19-04-2021 12:13:16
ef731255-2fba-4b65-ac37-9014e8870ecd  faced a not found on 19-04-2021 12:13:39
ef731255-2fba-4b65-ac37-9014e8870ecd  faced a not found on 19-04-2021 12:13:40
ef731255-2fba-4b65-ac37-9014e8870ecd  faced a not found on 19-04-2021 12:15:24
ef731255-2fba-4b65-ac37-9014e8870ecd  faced a not found on 19-04-2021 12:16:12
ef731255-2fba-4b65-ac37-9014e8870ecd  faced a not found on 19-04-2021 12:16:16
ef731255-2fba-4b65-ac37-9014e8870ecd  faced a not found on 19-04-2021 12:16:39
ef731255-2fba-4b65-ac37-9014e8870ecd  faced a not found on 19-04-2021 12:16:48
ef731255-2fba-4b65-ac37-9014e8870ecd  faced a not found on 19-04-2021 12:17:13
ef731255-2fba-4b65-ac37-9014e8870ecd  faced a not found on 19-04-2021 12:17:20
ef731255-2fba-4b65-ac37-9014e8870ecd  faced a not found on 19-04-2021 12:18:00
ef731255-2fba-4b65-ac37-9014e8870ecd  faced a not found on 19-04-2021 12:19:45
ef731255-2fba-4b65-ac37-9014e8870ecd  faced a not found on 19-04-2021 12:20:00
ef731255-2fba-4b65-ac37-9014e8870ecd  faced a not found on 19-04-2021 12:20:03
ef731255-2fba-4b65-ac37-9014e8870ecd  faced a not found on 19-04-2021 12:51:37
ef731255-2fba-4b65-ac37-9014e8870ecd  faced a not found on 19-04-2021 12:51:42
ef731255-2fba-4b65-ac37-9014e8870ecd  faced a not found on 19-04-2021 13:17:33
ef731255-2fba-4b65-ac37-9014e8870ecd  faced a not found on 19-04-2021 13:17:43
ef731255-2fba-4b65-ac37-9014e8870ecd  faced a not found on 19-04-2021 13:17:52
ef731255-2fba-4b65-ac37-9014e8870ecd  faced a not found on 19-04-2021 13:40:37
ef731255-2fba-4b65-ac37-9014e8870ecd  faced a not found on 19-04-2021 13:46:23
ef731255-2fba-4b65-ac37-9014e8870ecd  faced a not found on 19-04-2021 13:46:24
ef731255-2fba-4b65-ac37-9014e8870ecd  faced a not found on 19-04-2021 13:47:30
ef731255-2fba-4b65-ac37-9014e8870ecd  faced a not found on 19-04-2021 13:47:30
ef731255-2fba-4b65-ac37-9014e8870ecd  faced a not found on 19-04-2021 13:48:15
ef731255-2fba-4b65-ac37-9014e8870ecd  faced a not found on 19-04-2021 13:48:16
ef731255-2fba-4b65-ac37-9014e8870ecd  faced a not found on 19-04-2021 13:48:17
ef731255-2fba-4b65-ac37-9014e8870ecd  faced a not found on 19-04-2021 13:48:22
ef731255-2fba-4b65-ac37-9014e8870ecd  faced a not found on 19-04-2021 13:48:23
ef731255-2fba-4b65-ac37-9014e8870ecd  faced a not found on 19-04-2021 13:50:13
ef731255-2fba-4b65-ac37-9014e8870ecd  faced a not found on 19-04-2021 13:50:15
ef731255-2fba-4b65-ac37-9014e8870ecd  faced a not found on 19-04-2021 14:37:25
ef731255-2fba-4b65-ac37-9014e8870ecd  faced a not found on 19-04-2021 14:37:27
ef731255-2fba-4b65-ac37-9014e8870ecd  faced a not found on 19-04-2021 14:37:31
eb7bc141-20f0-438f-a504-bc7f93fce483  faced a not found on 20-04-2021 08:49:20
7a3c616d-78bb-4057-8504-d1ace5cd69ef  faced a not found on 20-04-2021 16:14:45
7a3c616d-78bb-4057-8504-d1ace5cd69ef  faced a not found on 20-04-2021 16:14:47
7a3c616d-78bb-4057-8504-d1ace5cd69ef  faced a not found on 20-04-2021 16:14:48
7a3c616d-78bb-4057-8504-d1ace5cd69ef  faced a not found on 20-04-2021 16:14:49
7a3c616d-78bb-4057-8504-d1ace5cd69ef  faced a not found on 20-04-2021 16:14:53
7a3c616d-78bb-4057-8504-d1ace5cd69ef  faced a not found on 20-04-2021 16:22:32
7a3c616d-78bb-4057-8504-d1ace5cd69ef  faced a not found on 20-04-2021 16:22:34
7a3c616d-78bb-4057-8504-d1ace5cd69ef  faced a not found on 20-04-2021 16:22:36
7a3c616d-78bb-4057-8504-d1ace5cd69ef  faced a not found on 20-04-2021 16:22:37
7a3c616d-78bb-4057-8504-d1ace5cd69ef  faced a not found on 20-04-2021 16:23:38
7a3c616d-78bb-4057-8504-d1ace5cd69ef  faced a not found on 20-04-2021 16:23:39
7a3c616d-78bb-4057-8504-d1ace5cd69ef  faced a not found on 20-04-2021 16:23:40
7a3c616d-78bb-4057-8504-d1ace5cd69ef  faced a not found on 20-04-2021 16:23:40
7a3c616d-78bb-4057-8504-d1ace5cd69ef  faced a not found on 20-04-2021 16:50:40
7a3c616d-78bb-4057-8504-d1ace5cd69ef  faced a not found on 20-04-2021 16:50:42
7a3c616d-78bb-4057-8504-d1ace5cd69ef  faced a not found on 20-04-2021 16:50:43
7a3c616d-78bb-4057-8504-d1ace5cd69ef  faced a not found on 20-04-2021 16:50:44
7a3c616d-78bb-4057-8504-d1ace5cd69ef  faced a not found on 20-04-2021 16:50:46
7a3c616d-78bb-4057-8504-d1ace5cd69ef  faced a not found on 20-04-2021 16:50:49
7a3c616d-78bb-4057-8504-d1ace5cd69ef  faced a not found on 20-04-2021 17:09:22
7a3c616d-78bb-4057-8504-d1ace5cd69ef  faced a not found on 20-04-2021 17:09:30
7a3c616d-78bb-4057-8504-d1ace5cd69ef  faced a not found on 20-04-2021 17:09:31
7a3c616d-78bb-4057-8504-d1ace5cd69ef  faced a not found on 20-04-2021 17:09:32
7a3c616d-78bb-4057-8504-d1ace5cd69ef  faced a not found on 20-04-2021 17:09:34
7a3c616d-78bb-4057-8504-d1ace5cd69ef  faced a not found on 20-04-2021 17:09:35
7a3c616d-78bb-4057-8504-d1ace5cd69ef  faced a not found on 20-04-2021 17:09:37
7a3c616d-78bb-4057-8504-d1ace5cd69ef  faced a not found on 20-04-2021 17:11:01
7a3c616d-78bb-4057-8504-d1ace5cd69ef  faced a not found on 20-04-2021 17:11:02
7a3c616d-78bb-4057-8504-d1ace5cd69ef  faced a not found on 20-04-2021 17:11:03
7a3c616d-78bb-4057-8504-d1ace5cd69ef  faced a not found on 20-04-2021 17:12:34
7a3c616d-78bb-4057-8504-d1ace5cd69ef  faced a not found on 20-04-2021 17:17:20
7a3c616d-78bb-4057-8504-d1ace5cd69ef  faced a not found on 20-04-2021 17:18:29
7a3c616d-78bb-4057-8504-d1ace5cd69ef  faced a not found on 20-04-2021 19:31:13
7a3c616d-78bb-4057-8504-d1ace5cd69ef  faced a not found on 20-04-2021 19:31:14
7a3c616d-78bb-4057-8504-d1ace5cd69ef  faced a not found on 20-04-2021 19:31:41
f577ffdb-46cb-4cc0-a9b1-0c88c580ecf6  faced a not found on 20-04-2021 20:04:54
f577ffdb-46cb-4cc0-a9b1-0c88c580ecf6  faced a not found on 20-04-2021 20:04:56
f577ffdb-46cb-4cc0-a9b1-0c88c580ecf6  faced a not found on 20-04-2021 20:04:57
f577ffdb-46cb-4cc0-a9b1-0c88c580ecf6  faced a not found on 20-04-2021 20:04:59
f577ffdb-46cb-4cc0-a9b1-0c88c580ecf6  faced a not found on 20-04-2021 20:10:32
f577ffdb-46cb-4cc0-a9b1-0c88c580ecf6  faced a not found on 20-04-2021 20:51:14
f577ffdb-46cb-4cc0-a9b1-0c88c580ecf6  faced a not found on 20-04-2021 20:51:27
f577ffdb-46cb-4cc0-a9b1-0c88c580ecf6  faced a not found on 20-04-2021 20:54:30
f577ffdb-46cb-4cc0-a9b1-0c88c580ecf6  faced a not found on 20-04-2021 20:54:31
f577ffdb-46cb-4cc0-a9b1-0c88c580ecf6  faced a not found on 20-04-2021 20:54:39
f577ffdb-46cb-4cc0-a9b1-0c88c580ecf6  faced a not found on 20-04-2021 20:54:42
f577ffdb-46cb-4cc0-a9b1-0c88c580ecf6  faced a not found on 20-04-2021 20:54:45
f577ffdb-46cb-4cc0-a9b1-0c88c580ecf6  faced a not found on 20-04-2021 20:55:03
f577ffdb-46cb-4cc0-a9b1-0c88c580ecf6  faced a not found on 20-04-2021 20:55:05
f577ffdb-46cb-4cc0-a9b1-0c88c580ecf6  faced a not found on 20-04-2021 21:00:51
f577ffdb-46cb-4cc0-a9b1-0c88c580ecf6  faced a not found on 20-04-2021 21:00:56
f577ffdb-46cb-4cc0-a9b1-0c88c580ecf6  faced a not found on 20-04-2021 21:00:59
f577ffdb-46cb-4cc0-a9b1-0c88c580ecf6  faced a not found on 20-04-2021 21:04:44
f577ffdb-46cb-4cc0-a9b1-0c88c580ecf6  faced a not found on 20-04-2021 21:04:45
f577ffdb-46cb-4cc0-a9b1-0c88c580ecf6  faced a not found on 20-04-2021 21:05:59
f577ffdb-46cb-4cc0-a9b1-0c88c580ecf6  faced a not found on 20-04-2021 21:06:10
f577ffdb-46cb-4cc0-a9b1-0c88c580ecf6  faced a not found on 20-04-2021 21:06:13
f577ffdb-46cb-4cc0-a9b1-0c88c580ecf6  faced a not found on 20-04-2021 21:25:34
f577ffdb-46cb-4cc0-a9b1-0c88c580ecf6  faced a not found on 20-04-2021 21:25:35
f577ffdb-46cb-4cc0-a9b1-0c88c580ecf6  faced a not found on 20-04-2021 21:25:37
f577ffdb-46cb-4cc0-a9b1-0c88c580ecf6  faced a not found on 20-04-2021 21:25:39
f577ffdb-46cb-4cc0-a9b1-0c88c580ecf6  faced a not found on 20-04-2021 21:25:43
f577ffdb-46cb-4cc0-a9b1-0c88c580ecf6  faced a not found on 20-04-2021 21:25:53
f577ffdb-46cb-4cc0-a9b1-0c88c580ecf6  faced a not found on 20-04-2021 21:29:44
f577ffdb-46cb-4cc0-a9b1-0c88c580ecf6  faced a not found on 20-04-2021 21:29:50
f577ffdb-46cb-4cc0-a9b1-0c88c580ecf6  faced a not found on 20-04-2021 21:29:51
f577ffdb-46cb-4cc0-a9b1-0c88c580ecf6  faced a not found on 20-04-2021 21:29:55
f577ffdb-46cb-4cc0-a9b1-0c88c580ecf6  faced a not found on 20-04-2021 21:29:57
f577ffdb-46cb-4cc0-a9b1-0c88c580ecf6  faced a not found on 20-04-2021 21:35:56
f577ffdb-46cb-4cc0-a9b1-0c88c580ecf6  faced a not found on 20-04-2021 21:36:08
f577ffdb-46cb-4cc0-a9b1-0c88c580ecf6  faced a not found on 20-04-2021 21:36:26
f577ffdb-46cb-4cc0-a9b1-0c88c580ecf6  faced a not found on 20-04-2021 21:36:28
f577ffdb-46cb-4cc0-a9b1-0c88c580ecf6  faced a not found on 20-04-2021 21:36:29
f577ffdb-46cb-4cc0-a9b1-0c88c580ecf6  faced a not found on 20-04-2021 21:36:32
f577ffdb-46cb-4cc0-a9b1-0c88c580ecf6  faced a not found on 20-04-2021 21:41:27
f577ffdb-46cb-4cc0-a9b1-0c88c580ecf6  faced a not found on 20-04-2021 21:41:29
f577ffdb-46cb-4cc0-a9b1-0c88c580ecf6  faced a not found on 20-04-2021 21:41:40
f577ffdb-46cb-4cc0-a9b1-0c88c580ecf6  faced a not found on 20-04-2021 21:43:39
f577ffdb-46cb-4cc0-a9b1-0c88c580ecf6  faced a not found on 20-04-2021 21:45:58
f577ffdb-46cb-4cc0-a9b1-0c88c580ecf6  faced a not found on 20-04-2021 21:46:08
f577ffdb-46cb-4cc0-a9b1-0c88c580ecf6  faced a not found on 20-04-2021 21:46:45
f577ffdb-46cb-4cc0-a9b1-0c88c580ecf6  faced a not found on 20-04-2021 21:46:51
f577ffdb-46cb-4cc0-a9b1-0c88c580ecf6  faced a not found on 20-04-2021 21:48:27
f577ffdb-46cb-4cc0-a9b1-0c88c580ecf6  faced a not found on 20-04-2021 21:51:46
f577ffdb-46cb-4cc0-a9b1-0c88c580ecf6  faced a not found on 20-04-2021 21:51:47
f577ffdb-46cb-4cc0-a9b1-0c88c580ecf6  faced a not found on 20-04-2021 21:51:54
f577ffdb-46cb-4cc0-a9b1-0c88c580ecf6  faced a not found on 20-04-2021 21:51:57
f577ffdb-46cb-4cc0-a9b1-0c88c580ecf6  faced a not found on 20-04-2021 21:52:07
f577ffdb-46cb-4cc0-a9b1-0c88c580ecf6  faced a not found on 20-04-2021 21:52:11
f577ffdb-46cb-4cc0-a9b1-0c88c580ecf6  faced a not found on 20-04-2021 21:52:13
f577ffdb-46cb-4cc0-a9b1-0c88c580ecf6  faced a not found on 20-04-2021 21:55:57
f577ffdb-46cb-4cc0-a9b1-0c88c580ecf6  faced a not found on 20-04-2021 21:55:57
f577ffdb-46cb-4cc0-a9b1-0c88c580ecf6  faced a not found on 20-04-2021 21:56:01
f577ffdb-46cb-4cc0-a9b1-0c88c580ecf6  faced a not found on 20-04-2021 21:56:05
f577ffdb-46cb-4cc0-a9b1-0c88c580ecf6  faced a not found on 20-04-2021 21:56:07
f577ffdb-46cb-4cc0-a9b1-0c88c580ecf6  faced a not found on 20-04-2021 21:56:07
f577ffdb-46cb-4cc0-a9b1-0c88c580ecf6  faced a not found on 20-04-2021 22:07:56
f577ffdb-46cb-4cc0-a9b1-0c88c580ecf6  faced a not found on 20-04-2021 22:07:59
f577ffdb-46cb-4cc0-a9b1-0c88c580ecf6  faced a not found on 20-04-2021 22:07:59
f577ffdb-46cb-4cc0-a9b1-0c88c580ecf6  faced a not found on 20-04-2021 22:08:04
f577ffdb-46cb-4cc0-a9b1-0c88c580ecf6  faced a not found on 21-04-2021 10:06:54
f577ffdb-46cb-4cc0-a9b1-0c88c580ecf6  faced a not found on 21-04-2021 10:07:01
f577ffdb-46cb-4cc0-a9b1-0c88c580ecf6  faced a not found on 21-04-2021 10:07:07
f577ffdb-46cb-4cc0-a9b1-0c88c580ecf6  faced a not found on 21-04-2021 10:07:07
f577ffdb-46cb-4cc0-a9b1-0c88c580ecf6  faced a not found on 21-04-2021 10:42:59
f577ffdb-46cb-4cc0-a9b1-0c88c580ecf6  faced a not found on 21-04-2021 10:43:07
f577ffdb-46cb-4cc0-a9b1-0c88c580ecf6  faced a not found on 21-04-2021 10:43:08
f577ffdb-46cb-4cc0-a9b1-0c88c580ecf6  faced a not found on 21-04-2021 10:43:08
f577ffdb-46cb-4cc0-a9b1-0c88c580ecf6  faced a not found on 21-04-2021 10:43:10
f577ffdb-46cb-4cc0-a9b1-0c88c580ecf6  faced a not found on 21-04-2021 10:56:23
f577ffdb-46cb-4cc0-a9b1-0c88c580ecf6  faced a not found on 21-04-2021 10:56:26
f577ffdb-46cb-4cc0-a9b1-0c88c580ecf6  faced a not found on 21-04-2021 10:56:27
f577ffdb-46cb-4cc0-a9b1-0c88c580ecf6  faced a not found on 21-04-2021 10:56:27
f577ffdb-46cb-4cc0-a9b1-0c88c580ecf6  faced a not found on 21-04-2021 10:56:28
7a3c616d-78bb-4057-8504-d1ace5cd69ef  faced a not found on 21-04-2021 10:56:47
f577ffdb-46cb-4cc0-a9b1-0c88c580ecf6  faced a not found on 21-04-2021 11:47:57
f577ffdb-46cb-4cc0-a9b1-0c88c580ecf6  faced a not found on 21-04-2021 11:47:57
f577ffdb-46cb-4cc0-a9b1-0c88c580ecf6  faced a not found on 21-04-2021 15:00:34
f577ffdb-46cb-4cc0-a9b1-0c88c580ecf6  faced a not found on 21-04-2021 17:05:53
f577ffdb-46cb-4cc0-a9b1-0c88c580ecf6  faced a not found on 21-04-2021 17:07:34
f577ffdb-46cb-4cc0-a9b1-0c88c580ecf6  faced a not found on 21-04-2021 17:17:41
f577ffdb-46cb-4cc0-a9b1-0c88c580ecf6  faced a not found on 21-04-2021 17:20:30
f577ffdb-46cb-4cc0-a9b1-0c88c580ecf6  faced a not found on 21-04-2021 17:55:25
f577ffdb-46cb-4cc0-a9b1-0c88c580ecf6  faced a not found on 21-04-2021 18:01:30
f577ffdb-46cb-4cc0-a9b1-0c88c580ecf6  faced a not found on 21-04-2021 18:13:37
f577ffdb-46cb-4cc0-a9b1-0c88c580ecf6  faced a not found on 21-04-2021 18:15:09
f577ffdb-46cb-4cc0-a9b1-0c88c580ecf6  faced a not found on 21-04-2021 18:16:16
f577ffdb-46cb-4cc0-a9b1-0c88c580ecf6  faced a not found on 21-04-2021 18:17:59
f577ffdb-46cb-4cc0-a9b1-0c88c580ecf6  faced a not found on 21-04-2021 18:28:22
f577ffdb-46cb-4cc0-a9b1-0c88c580ecf6  faced a not found on 21-04-2021 20:42:14
f577ffdb-46cb-4cc0-a9b1-0c88c580ecf6  faced a not found on 21-04-2021 20:42:23
f577ffdb-46cb-4cc0-a9b1-0c88c580ecf6  faced a not found on 21-04-2021 20:44:14
f577ffdb-46cb-4cc0-a9b1-0c88c580ecf6  faced a not found on 21-04-2021 20:44:30
f577ffdb-46cb-4cc0-a9b1-0c88c580ecf6  faced a not found on 21-04-2021 20:45:30
f577ffdb-46cb-4cc0-a9b1-0c88c580ecf6  faced a not found on 21-04-2021 20:48:58
f577ffdb-46cb-4cc0-a9b1-0c88c580ecf6  faced a not found on 21-04-2021 21:39:26
f577ffdb-46cb-4cc0-a9b1-0c88c580ecf6  faced a not found on 21-04-2021 21:40:04
f577ffdb-46cb-4cc0-a9b1-0c88c580ecf6  faced a not found on 21-04-2021 21:55:28
f577ffdb-46cb-4cc0-a9b1-0c88c580ecf6  faced a not found on 21-04-2021 21:55:36
f577ffdb-46cb-4cc0-a9b1-0c88c580ecf6  faced a not found on 22-04-2021 10:53:10
f577ffdb-46cb-4cc0-a9b1-0c88c580ecf6  faced a not found on 22-04-2021 10:53:14
f577ffdb-46cb-4cc0-a9b1-0c88c580ecf6  faced a not found on 22-04-2021 10:54:00
f577ffdb-46cb-4cc0-a9b1-0c88c580ecf6  faced a not found on 22-04-2021 10:56:50
f577ffdb-46cb-4cc0-a9b1-0c88c580ecf6  faced a not found on 22-04-2021 11:09:53
f577ffdb-46cb-4cc0-a9b1-0c88c580ecf6  faced a not found on 22-04-2021 11:55:22
f577ffdb-46cb-4cc0-a9b1-0c88c580ecf6  faced a not found on 22-04-2021 14:38:34
f577ffdb-46cb-4cc0-a9b1-0c88c580ecf6  faced a not found on 22-04-2021 14:38:45
f577ffdb-46cb-4cc0-a9b1-0c88c580ecf6  faced a not found on 22-04-2021 14:39:07
f577ffdb-46cb-4cc0-a9b1-0c88c580ecf6  faced a not found on 22-04-2021 14:43:59
f577ffdb-46cb-4cc0-a9b1-0c88c580ecf6  faced a not found on 22-04-2021 15:06:01
f577ffdb-46cb-4cc0-a9b1-0c88c580ecf6  faced a not found on 22-04-2021 15:10:14
f577ffdb-46cb-4cc0-a9b1-0c88c580ecf6  faced a not found on 23-04-2021 06:47:52
f577ffdb-46cb-4cc0-a9b1-0c88c580ecf6  faced a not found on 23-04-2021 07:04:11
f577ffdb-46cb-4cc0-a9b1-0c88c580ecf6  faced a not found on 23-04-2021 07:15:23
f577ffdb-46cb-4cc0-a9b1-0c88c580ecf6  faced a not found on 23-04-2021 07:59:35
f577ffdb-46cb-4cc0-a9b1-0c88c580ecf6  faced a not found on 23-04-2021 09:27:36
f577ffdb-46cb-4cc0-a9b1-0c88c580ecf6  faced a not found on 23-04-2021 10:43:36
f577ffdb-46cb-4cc0-a9b1-0c88c580ecf6  faced a not found on 23-04-2021 11:52:14
f577ffdb-46cb-4cc0-a9b1-0c88c580ecf6  faced a not found on 23-04-2021 11:58:53
f577ffdb-46cb-4cc0-a9b1-0c88c580ecf6  faced a not found on 23-04-2021 12:00:06
f577ffdb-46cb-4cc0-a9b1-0c88c580ecf6  faced a not found on 23-04-2021 12:00:13
f577ffdb-46cb-4cc0-a9b1-0c88c580ecf6  faced a not found on 23-04-2021 12:00:45
f577ffdb-46cb-4cc0-a9b1-0c88c580ecf6  faced a not found on 24-04-2021 11:58:52
f577ffdb-46cb-4cc0-a9b1-0c88c580ecf6  faced a not found on 24-04-2021 12:50:01
7a3c616d-78bb-4057-8504-d1ace5cd69ef  faced a not found on 27-04-2021 08:32:53
7a3c616d-78bb-4057-8504-d1ace5cd69ef  faced a not found on 27-04-2021 08:34:45
7a3c616d-78bb-4057-8504-d1ace5cd69ef  faced a not found on 27-04-2021 08:37:10
f577ffdb-46cb-4cc0-a9b1-0c88c580ecf6  faced a not found on 27-04-2021 09:27:54
f577ffdb-46cb-4cc0-a9b1-0c88c580ecf6  faced a not found on 27-04-2021 09:27:54
f577ffdb-46cb-4cc0-a9b1-0c88c580ecf6  faced a not found on 27-04-2021 09:27:56
f577ffdb-46cb-4cc0-a9b1-0c88c580ecf6  faced a not found on 27-04-2021 09:48:28
f577ffdb-46cb-4cc0-a9b1-0c88c580ecf6  faced a not found on 27-04-2021 09:48:28
f577ffdb-46cb-4cc0-a9b1-0c88c580ecf6  faced a not found on 27-04-2021 09:48:30
f577ffdb-46cb-4cc0-a9b1-0c88c580ecf6  faced a not found on 27-04-2021 09:48:34
f577ffdb-46cb-4cc0-a9b1-0c88c580ecf6  faced a not found on 27-04-2021 09:57:16
f577ffdb-46cb-4cc0-a9b1-0c88c580ecf6  faced a not found on 27-04-2021 10:01:55
f577ffdb-46cb-4cc0-a9b1-0c88c580ecf6  faced a not found on 27-04-2021 10:01:55
f577ffdb-46cb-4cc0-a9b1-0c88c580ecf6  faced a not found on 27-04-2021 11:43:13
f577ffdb-46cb-4cc0-a9b1-0c88c580ecf6  faced a not found on 27-04-2021 11:43:14
f577ffdb-46cb-4cc0-a9b1-0c88c580ecf6  faced a not found on 27-04-2021 11:43:15
f577ffdb-46cb-4cc0-a9b1-0c88c580ecf6  faced a not found on 27-04-2021 12:42:40
f577ffdb-46cb-4cc0-a9b1-0c88c580ecf6  faced a not found on 27-04-2021 12:42:42
f577ffdb-46cb-4cc0-a9b1-0c88c580ecf6  faced a not found on 27-04-2021 12:42:42
f577ffdb-46cb-4cc0-a9b1-0c88c580ecf6  faced a not found on 27-04-2021 12:42:43
f577ffdb-46cb-4cc0-a9b1-0c88c580ecf6  faced a not found on 27-04-2021 15:49:54
f577ffdb-46cb-4cc0-a9b1-0c88c580ecf6  faced a not found on 27-04-2021 15:51:14
f577ffdb-46cb-4cc0-a9b1-0c88c580ecf6  faced a not found on 27-04-2021 15:51:14
f577ffdb-46cb-4cc0-a9b1-0c88c580ecf6  faced a not found on 27-04-2021 15:51:17
f577ffdb-46cb-4cc0-a9b1-0c88c580ecf6  faced a not found on 27-04-2021 15:52:51
f577ffdb-46cb-4cc0-a9b1-0c88c580ecf6  faced a not found on 27-04-2021 22:27:44
f577ffdb-46cb-4cc0-a9b1-0c88c580ecf6  faced a not found on 27-04-2021 22:27:46
f577ffdb-46cb-4cc0-a9b1-0c88c580ecf6  faced a not found on 27-04-2021 22:27:47
f577ffdb-46cb-4cc0-a9b1-0c88c580ecf6  faced a not found on 27-04-2021 22:31:20
f577ffdb-46cb-4cc0-a9b1-0c88c580ecf6  faced a not found on 27-04-2021 22:31:22
f577ffdb-46cb-4cc0-a9b1-0c88c580ecf6  faced a not found on 27-04-2021 22:31:22
f577ffdb-46cb-4cc0-a9b1-0c88c580ecf6  faced a not found on 28-04-2021 08:18:10
f577ffdb-46cb-4cc0-a9b1-0c88c580ecf6  faced a not found on 28-04-2021 08:18:18
f577ffdb-46cb-4cc0-a9b1-0c88c580ecf6  faced a not found on 28-04-2021 08:18:18
f577ffdb-46cb-4cc0-a9b1-0c88c580ecf6  faced a not found on 28-04-2021 08:18:20
f577ffdb-46cb-4cc0-a9b1-0c88c580ecf6  faced a not found on 28-04-2021 08:18:24
f577ffdb-46cb-4cc0-a9b1-0c88c580ecf6  faced a not found on 28-04-2021 08:18:27
f577ffdb-46cb-4cc0-a9b1-0c88c580ecf6  faced a not found on 28-04-2021 08:18:27
f577ffdb-46cb-4cc0-a9b1-0c88c580ecf6  faced a not found on 28-04-2021 08:18:29
f577ffdb-46cb-4cc0-a9b1-0c88c580ecf6  faced a not found on 28-04-2021 08:20:49
f577ffdb-46cb-4cc0-a9b1-0c88c580ecf6  faced a not found on 28-04-2021 09:44:11
f577ffdb-46cb-4cc0-a9b1-0c88c580ecf6  faced a not found on 28-04-2021 09:44:13
f577ffdb-46cb-4cc0-a9b1-0c88c580ecf6  faced a not found on 28-04-2021 09:44:13
f577ffdb-46cb-4cc0-a9b1-0c88c580ecf6  faced a not found on 28-04-2021 09:44:21
f577ffdb-46cb-4cc0-a9b1-0c88c580ecf6  faced a not found on 28-04-2021 09:44:21
f577ffdb-46cb-4cc0-a9b1-0c88c580ecf6  faced a not found on 28-04-2021 09:44:50
f577ffdb-46cb-4cc0-a9b1-0c88c580ecf6  faced a not found on 28-04-2021 09:44:51
f577ffdb-46cb-4cc0-a9b1-0c88c580ecf6  faced a not found on 28-04-2021 11:19:41
f577ffdb-46cb-4cc0-a9b1-0c88c580ecf6  faced a not found on 28-04-2021 11:19:41
f577ffdb-46cb-4cc0-a9b1-0c88c580ecf6  faced a not found on 28-04-2021 11:51:09
f577ffdb-46cb-4cc0-a9b1-0c88c580ecf6  faced a not found on 28-04-2021 11:51:09
f577ffdb-46cb-4cc0-a9b1-0c88c580ecf6  faced a not found on 29-04-2021 08:55:22
f577ffdb-46cb-4cc0-a9b1-0c88c580ecf6  faced a not found on 29-04-2021 08:55:22
f577ffdb-46cb-4cc0-a9b1-0c88c580ecf6  faced a not found on 29-04-2021 15:57:43
f577ffdb-46cb-4cc0-a9b1-0c88c580ecf6  faced a not found on 29-04-2021 15:57:44
f577ffdb-46cb-4cc0-a9b1-0c88c580ecf6  faced a not found on 29-04-2021 16:11:55
f577ffdb-46cb-4cc0-a9b1-0c88c580ecf6  faced a not found on 29-04-2021 16:11:55
f577ffdb-46cb-4cc0-a9b1-0c88c580ecf6  faced a not found on 29-04-2021 19:27:18
f577ffdb-46cb-4cc0-a9b1-0c88c580ecf6  faced a not found on 29-04-2021 19:27:18
f577ffdb-46cb-4cc0-a9b1-0c88c580ecf6  faced a not found on 29-04-2021 19:27:47
f577ffdb-46cb-4cc0-a9b1-0c88c580ecf6  faced a not found on 29-04-2021 19:27:47
  faced a not found on 30-04-2021 08:23:45
  faced a not found on 30-04-2021 08:33:33
  faced a not found on 30-04-2021 08:38:51
  faced a not found on 30-04-2021 08:45:23
  faced a not found on 30-04-2021 08:57:58
  faced a not found on 30-04-2021 09:07:43
  faced a not found on 30-04-2021 09:12:45
  faced a not found on 30-04-2021 09:14:52
  faced a not found on 30-04-2021 09:16:30
  faced a not found on 30-04-2021 09:17:25
  faced a not found on 30-04-2021 09:18:37
b09eb4fb-4c93-44ff-b0cb-adc14450253f  faced a not found on 30-04-2021 10:51:34
b09eb4fb-4c93-44ff-b0cb-adc14450253f  faced a not found on 30-04-2021 10:51:34
b09eb4fb-4c93-44ff-b0cb-adc14450253f  faced a not found on 30-04-2021 10:52:03
b09eb4fb-4c93-44ff-b0cb-adc14450253f  faced a not found on 30-04-2021 10:56:35
b09eb4fb-4c93-44ff-b0cb-adc14450253f  faced a not found on 30-04-2021 10:56:42
b09eb4fb-4c93-44ff-b0cb-adc14450253f  faced a not found on 30-04-2021 11:00:54
b09eb4fb-4c93-44ff-b0cb-adc14450253f  faced a not found on 30-04-2021 11:01:46
b09eb4fb-4c93-44ff-b0cb-adc14450253f  faced a not found on 30-04-2021 11:01:46
b09eb4fb-4c93-44ff-b0cb-adc14450253f  faced a not found on 30-04-2021 11:01:49
f577ffdb-46cb-4cc0-a9b1-0c88c580ecf6  faced a not found on 30-04-2021 15:43:55
f577ffdb-46cb-4cc0-a9b1-0c88c580ecf6  faced a not found on 30-04-2021 15:43:58
f577ffdb-46cb-4cc0-a9b1-0c88c580ecf6  faced a not found on 30-04-2021 15:43:59
f577ffdb-46cb-4cc0-a9b1-0c88c580ecf6  faced a not found on 30-04-2021 15:44:03
b09eb4fb-4c93-44ff-b0cb-adc14450253f  faced a not found on 30-04-2021 15:44:16
b09eb4fb-4c93-44ff-b0cb-adc14450253f  faced a not found on 30-04-2021 15:44:20
b09eb4fb-4c93-44ff-b0cb-adc14450253f  faced a not found on 30-04-2021 15:44:21
b09eb4fb-4c93-44ff-b0cb-adc14450253f  faced a not found on 30-04-2021 15:44:24
b09eb4fb-4c93-44ff-b0cb-adc14450253f  faced a not found on 30-04-2021 19:44:39
b09eb4fb-4c93-44ff-b0cb-adc14450253f  faced a not found on 30-04-2021 19:45:12
b09eb4fb-4c93-44ff-b0cb-adc14450253f  faced a not found on 30-04-2021 19:45:12
b09eb4fb-4c93-44ff-b0cb-adc14450253f  faced a not found on 30-04-2021 19:45:33
b09eb4fb-4c93-44ff-b0cb-adc14450253f  faced a not found on 30-04-2021 19:46:28
b09eb4fb-4c93-44ff-b0cb-adc14450253f  faced a not found on 30-04-2021 19:46:40
b09eb4fb-4c93-44ff-b0cb-adc14450253f  faced a not found on 30-04-2021 19:46:41
b09eb4fb-4c93-44ff-b0cb-adc14450253f  faced a not found on 30-04-2021 19:47:16
b09eb4fb-4c93-44ff-b0cb-adc14450253f  faced a not found on 30-04-2021 19:47:16
b09eb4fb-4c93-44ff-b0cb-adc14450253f  faced a not found on 30-04-2021 19:47:22
b09eb4fb-4c93-44ff-b0cb-adc14450253f  faced a not found on 30-04-2021 19:47:24
b09eb4fb-4c93-44ff-b0cb-adc14450253f  faced a not found on 30-04-2021 19:47:24
b09eb4fb-4c93-44ff-b0cb-adc14450253f  faced a not found on 30-04-2021 20:03:58
b09eb4fb-4c93-44ff-b0cb-adc14450253f  faced a not found on 30-04-2021 20:04:03
b09eb4fb-4c93-44ff-b0cb-adc14450253f  faced a not found on 30-04-2021 20:04:04
b09eb4fb-4c93-44ff-b0cb-adc14450253f  faced a not found on 30-04-2021 20:04:04
b09eb4fb-4c93-44ff-b0cb-adc14450253f  faced a not found on 30-04-2021 20:24:27
90cb6917-60c6-46ab-a6c6-021d69c3f575  faced a not found on 01-05-2021 05:37:32
90cb6917-60c6-46ab-a6c6-021d69c3f575  faced a not found on 01-05-2021 05:37:33
90cb6917-60c6-46ab-a6c6-021d69c3f575  faced a not found on 01-05-2021 05:37:33
90cb6917-60c6-46ab-a6c6-021d69c3f575  faced a not found on 01-05-2021 05:37:34
90cb6917-60c6-46ab-a6c6-021d69c3f575  faced a not found on 01-05-2021 05:37:36
90cb6917-60c6-46ab-a6c6-021d69c3f575  faced a not found on 01-05-2021 05:41:02
90cb6917-60c6-46ab-a6c6-021d69c3f575  faced a not found on 01-05-2021 05:41:03
90cb6917-60c6-46ab-a6c6-021d69c3f575  faced a not found on 01-05-2021 05:41:03
24492dd7-3164-4e94-8507-12c0b1931b7f  faced a not found on 01-05-2021 05:49:26
24492dd7-3164-4e94-8507-12c0b1931b7f  faced a not found on 01-05-2021 05:50:41
24492dd7-3164-4e94-8507-12c0b1931b7f  faced a not found on 01-05-2021 05:50:43
24492dd7-3164-4e94-8507-12c0b1931b7f  faced a not found on 01-05-2021 05:50:43
90cb6917-60c6-46ab-a6c6-021d69c3f575  faced a not found on 01-05-2021 06:27:59
90cb6917-60c6-46ab-a6c6-021d69c3f575  faced a not found on 01-05-2021 06:28:01
90cb6917-60c6-46ab-a6c6-021d69c3f575  faced a not found on 01-05-2021 06:28:01
90cb6917-60c6-46ab-a6c6-021d69c3f575  faced a not found on 01-05-2021 06:28:05
24492dd7-3164-4e94-8507-12c0b1931b7f  faced a not found on 01-05-2021 06:48:53
24492dd7-3164-4e94-8507-12c0b1931b7f  faced a not found on 01-05-2021 06:48:54
24492dd7-3164-4e94-8507-12c0b1931b7f  faced a not found on 01-05-2021 06:48:55
24492dd7-3164-4e94-8507-12c0b1931b7f  faced a not found on 01-05-2021 06:48:57
24492dd7-3164-4e94-8507-12c0b1931b7f  faced a not found on 01-05-2021 06:48:59
b09eb4fb-4c93-44ff-b0cb-adc14450253f  faced a not found on 01-05-2021 12:08:17
b09eb4fb-4c93-44ff-b0cb-adc14450253f  faced a not found on 01-05-2021 12:08:20
b09eb4fb-4c93-44ff-b0cb-adc14450253f  faced a not found on 01-05-2021 12:08:20
b09eb4fb-4c93-44ff-b0cb-adc14450253f  faced a not found on 01-05-2021 12:08:22
b09eb4fb-4c93-44ff-b0cb-adc14450253f  faced a not found on 01-05-2021 12:08:40
b09eb4fb-4c93-44ff-b0cb-adc14450253f  faced a not found on 01-05-2021 12:08:40
b09eb4fb-4c93-44ff-b0cb-adc14450253f  faced a not found on 01-05-2021 12:12:14
90cb6917-60c6-46ab-a6c6-021d69c3f575  faced a not found on 01-05-2021 12:13:41
90cb6917-60c6-46ab-a6c6-021d69c3f575  faced a not found on 01-05-2021 12:13:41
b09eb4fb-4c93-44ff-b0cb-adc14450253f  faced a not found on 02-05-2021 18:14:14
b09eb4fb-4c93-44ff-b0cb-adc14450253f  faced a not found on 02-05-2021 18:15:59
b09eb4fb-4c93-44ff-b0cb-adc14450253f  faced a not found on 02-05-2021 18:17:17
b09eb4fb-4c93-44ff-b0cb-adc14450253f  faced a not found on 02-05-2021 18:17:45
90cb6917-60c6-46ab-a6c6-021d69c3f575  faced a not found on 02-05-2021 19:32:26
90cb6917-60c6-46ab-a6c6-021d69c3f575  faced a not found on 02-05-2021 19:32:26
90cb6917-60c6-46ab-a6c6-021d69c3f575  faced a not found on 02-05-2021 19:32:29
24492dd7-3164-4e94-8507-12c0b1931b7f  faced a not found on 03-05-2021 07:52:21
24492dd7-3164-4e94-8507-12c0b1931b7f  faced a not found on 03-05-2021 07:52:21
24492dd7-3164-4e94-8507-12c0b1931b7f  faced a not found on 03-05-2021 08:46:46
24492dd7-3164-4e94-8507-12c0b1931b7f  faced a not found on 03-05-2021 08:46:47
24492dd7-3164-4e94-8507-12c0b1931b7f  faced a not found on 03-05-2021 08:46:50
24492dd7-3164-4e94-8507-12c0b1931b7f  faced a not found on 03-05-2021 08:46:53
90cb6917-60c6-46ab-a6c6-021d69c3f575  faced a not found on 03-05-2021 09:56:33
90cb6917-60c6-46ab-a6c6-021d69c3f575  faced a not found on 03-05-2021 11:15:18
90cb6917-60c6-46ab-a6c6-021d69c3f575  faced a not found on 03-05-2021 11:15:18
90cb6917-60c6-46ab-a6c6-021d69c3f575  faced a not found on 03-05-2021 11:15:22
90cb6917-60c6-46ab-a6c6-021d69c3f575  faced a not found on 03-05-2021 11:39:12
90cb6917-60c6-46ab-a6c6-021d69c3f575  faced a not found on 03-05-2021 11:39:14
90cb6917-60c6-46ab-a6c6-021d69c3f575  faced a not found on 03-05-2021 11:39:14
b09eb4fb-4c93-44ff-b0cb-adc14450253f  faced a not found on 04-05-2021 02:49:55
b09eb4fb-4c93-44ff-b0cb-adc14450253f  faced a not found on 04-05-2021 02:49:58
b09eb4fb-4c93-44ff-b0cb-adc14450253f  faced a not found on 04-05-2021 02:49:58
b09eb4fb-4c93-44ff-b0cb-adc14450253f  faced a not found on 04-05-2021 03:04:19
b09eb4fb-4c93-44ff-b0cb-adc14450253f  faced a not found on 04-05-2021 04:19:55
b09eb4fb-4c93-44ff-b0cb-adc14450253f  faced a not found on 04-05-2021 04:19:55
b09eb4fb-4c93-44ff-b0cb-adc14450253f  faced a not found on 04-05-2021 04:19:59
b09eb4fb-4c93-44ff-b0cb-adc14450253f  faced a not found on 04-05-2021 05:36:10
b09eb4fb-4c93-44ff-b0cb-adc14450253f  faced a not found on 04-05-2021 05:36:15
b09eb4fb-4c93-44ff-b0cb-adc14450253f  faced a not found on 04-05-2021 05:36:16
90cb6917-60c6-46ab-a6c6-021d69c3f575  faced a not found on 04-05-2021 05:44:42
90cb6917-60c6-46ab-a6c6-021d69c3f575  faced a not found on 04-05-2021 05:44:43
90cb6917-60c6-46ab-a6c6-021d69c3f575  faced a not found on 04-05-2021 05:50:45
90cb6917-60c6-46ab-a6c6-021d69c3f575  faced a not found on 04-05-2021 06:57:16
90cb6917-60c6-46ab-a6c6-021d69c3f575  faced a not found on 04-05-2021 06:57:16
90cb6917-60c6-46ab-a6c6-021d69c3f575  faced a not found on 04-05-2021 06:57:21
b09eb4fb-4c93-44ff-b0cb-adc14450253f  faced a not found on 04-05-2021 07:32:24
b09eb4fb-4c93-44ff-b0cb-adc14450253f  faced a not found on 04-05-2021 07:32:34
b09eb4fb-4c93-44ff-b0cb-adc14450253f  faced a not found on 04-05-2021 07:32:35
b09eb4fb-4c93-44ff-b0cb-adc14450253f  faced a not found on 04-05-2021 07:33:10
b09eb4fb-4c93-44ff-b0cb-adc14450253f  faced a not found on 04-05-2021 08:07:53
b09eb4fb-4c93-44ff-b0cb-adc14450253f  faced a not found on 04-05-2021 08:08:33
b09eb4fb-4c93-44ff-b0cb-adc14450253f  faced a not found on 04-05-2021 08:08:40
b09eb4fb-4c93-44ff-b0cb-adc14450253f  faced a not found on 04-05-2021 08:08:40
b09eb4fb-4c93-44ff-b0cb-adc14450253f  faced a not found on 04-05-2021 09:11:05
b09eb4fb-4c93-44ff-b0cb-adc14450253f  faced a not found on 04-05-2021 09:11:08
b09eb4fb-4c93-44ff-b0cb-adc14450253f  faced a not found on 04-05-2021 09:11:08
b09eb4fb-4c93-44ff-b0cb-adc14450253f  faced a not found on 04-05-2021 09:11:18
b09eb4fb-4c93-44ff-b0cb-adc14450253f  faced a not found on 04-05-2021 10:53:07
